time,open,high,low,close
1672574400,16558.5,16574,16537.2,16560.2
1672588800,16560,16623.8,16559.9,16604.7
1672603200,16604.6,16625,16590,16615.1
1672617600,16615.1,16710.7,16548.1,16662.9
1672632000,16663,16765.5,16623.8,16720.3
1672646400,16720.2,16768.4,16704.3,16736
1672660800,16736.1,16750,16672.3,16735.5
1672675200,16735.4,16741,16708.4,16735.6
1672689600,16735.7,16799.3,16664.4,16673.3
1672704000,16673.3,16711,16652.3,16692.9
1672718400,16693,16774,16683.2,16730.6
1672732800,16730.7,16758.5,16699.8,16722.5
1672747200,16722.6,16771.6,16621.3,16679.8
1672761600,16679.8,16688.6,16610.4,16646.2
1672776000,16646.2,16695.2,16644.7,16676.8
1672790400,16676.8,16877.4,16655.4,16865.3
1672804800,16866.3,16910,16843.1,16873.3
1672819200,16873.2,16915.3,16834.1,16838.5
1672833600,16838.6,16864.1,16768.9,16855
1672848000,16855.8,16988,16791.5,16841
1672862400,16841,16866.6,16780,16852
1672876800,16852,16877.8,16812.9,16828
1672891200,16828,16848.3,16793.2,16823
1672905600,16822.9,16837.2,16785,16834.2
1672920000,16834.3,16879.2,16760.1,16846.8
1672934400,16846.8,16876.7,16801.2,16866.1
1672948800,16866.2,16869.1,16823,16832.5
1672963200,16832.5,16868,16804.4,16833.5
1672977600,16833.3,16834.8,16780,16793.3
1672992000,16793.3,16810,16708.9,16741.5
1673006400,16741.5,16846.6,16680.7,16843.2
1673020800,16843.3,16962.1,16809.9,16938.5
1673035200,16938.5,17034.5,16890.4,16950.6
1673049600,16950.7,16980,16935.2,16953.2
1673064000,16953.2,16954,16924.6,16947.9
1673078400,16947.9,16953.1,16914.2,16922.9
1673092800,16923,16947,16908.7,16941.1
1673107200,16941.1,16945.3,16917.1,16945.3
1673121600,16945.3,16950,16931.8,16945.5
1673136000,16945.6,16954.9,16915,16944.7
1673150400,16944.7,16955.7,16937.2,16954.9
1673164800,16954.9,16965.7,16927.8,16927.8
1673179200,16927.8,17019.2,16921.4,17000.8
1673193600,17000.8,17022.9,16921.3,16929.4
1673208000,16929.3,17179.7,16927,17129.3
1673222400,17129.3,17252.3,17107.2,17198.2
1673236800,17198.3,17255.2,17185,17202.1
1673251200,17202,17283.6,17189.4,17239.9
1673265600,17240,17333,17196.7,17273.5
1673280000,17273.4,17395.7,17271.9,17296.8
1673294400,17296.8,17308.6,17133.3,17181.2
1673308800,17181.1,17234.2,17150.3,17208
1673323200,17208,17233,17190.8,17202.8
1673337600,17202.8,17282.8,17191.8,17255.1
1673352000,17254.9,17371.2,17213.2,17323.7
1673366400,17324.6,17448,17282.9,17427.8
1673380800,17427.8,17486.4,17403,17439
1673395200,17439,17502.8,17369,17414.2
1673409600,17414.2,17459,17389,17445.5
1673424000,17445.6,17470.4,17410.4,17437.8
1673438400,17437.8,17437.8,17320.9,17334.7
1673452800,17334.5,17555,17328.7,17548.3
1673467200,17548.4,18000,17511.9,17945.2
1673481600,17945.1,18379.9,17909,18222.7
1673496000,18222.7,18237.8,18077.2,18137.2
1673510400,18137.3,18218.1,18073.1,18198.9
1673524800,18198.2,18350,17932,18087.7
1673539200,18087,19056.9,18060.4,18883
1673553600,18883,19112.6,18759.1,18844.2
1673568000,18844.2,18885,18715.9,18875.7
1673582400,18875.7,18878.6,18781.1,18818.2
1673596800,18818.2,19050,18810.3,18922.5
1673611200,18922.6,19306.4,18811.5,19260.2
1673625600,19260.2,19400,19060.4,19361
1673640000,19362.4,20004,19319.9,19928.4
1673654400,19928.5,21482.8,19895,20976.6
1673668800,20972.8,21044.2,20786.8,20905.4
1673683200,20904.2,21050.7,20239.1,20724.7
1673697600,20724.7,21200,20536.3,20792.4
1673712000,20788.5,20921.4,20660.1,20788.7
1673726400,20787.6,21079.9,20767.7,20950.7
1673740800,20950.7,20996.7,20555.3,20718.3
1673755200,20720.9,20781,20666.6,20736.2
1673769600,20736.3,20763.4,20572.6,20726.3
1673784000,20726.4,20998,20657.8,20911.7
1673798400,20911.7,21063.8,20658.1,20867.6
1673812800,20867.7,20954,20734.2,20874.4
1673827200,20873.1,21431.8,20779,21076.8
1673841600,21076.8,21266.3,21045.8,21111
1673856000,21111,21111,20640.3,20818.3
1673870400,20818.3,21067.9,20603,20993.9
1673884800,20993.9,21400,20917.1,21307.8
1673899200,21309.8,21465.3,21046.7,21183.8
1673913600,21183.9,21292.9,20839.7,21121.9
1673928000,21121.9,21228.7,21059.5,21134.7
1673942400,21134.7,21243.5,21081,21220.5
1673956800,21220.4,21634.5,21016.2,21173.4
1673971200,21173.4,21411,21083.4,21332.6
1673985600,21332.6,21403.4,21121.8,21125.5
1674000000,21127,21370,21100.3,21258.8
1674014400,21258.9,21318.1,21230.9,21304
1674028800,21304.1,21311.9,21145,21205.6
1674043200,21205.7,21664.6,20837.9,21035.1
1674057600,21035.1,21135.6,20400,20900
1674072000,20901.2,20932.8,20623.8,20674.2
1674086400,20672.5,20814.6,20660,20747.4
1674100800,20747.5,20872.3,20745,20816.7
1674115200,20819,20846.2,20706.7,20743.1
1674129600,20743.1,20956.3,20662.3,20873.8
1674144000,20873.9,21137.4,20792.5,21092.3
1674158400,21092.3,21179.1,20920,21072.7
1674172800,21072.7,21215.3,21011.4,21088.3
1674187200,21087.3,21123.3,20860.4,20956.2
1674201600,20956.7,20990,20902.9,20963.1
1674216000,20963.2,21245.5,20954.7,21144.9
1674230400,21145,21521.2,21143.6,21496.9
1674244800,21495.4,22747,21495.4,22665.6
1674259200,22665.7,22789.2,22428.6,22546.5
1674273600,22546.4,22669.9,22513.4,22637
1674288000,22637.1,23327.8,22568.9,22903
1674302400,22904.8,23274.9,22849.4,22996
1674316800,22995.5,23379,22982.7,23275.1
1674331200,23275.2,23300.9,22681.7,22779
1674345600,22780,22976.6,22610.3,22760.6
1674360000,22758.4,22962.3,22721.1,22895.2
1674374400,22894.4,22930,22729.4,22780
1674388800,22784.7,23074.4,22639.9,22788.7
1674403200,22788.7,22956.1,22678,22718.4
1674417600,22720,22787,22306.6,22708.5
1674432000,22708.4,22823.7,22655.6,22661.8
1674446400,22661.8,22788,22609.5,22692.4
1674460800,22692.5,22955,22664.2,22903.1
1674475200,22903.2,23123.2,22498.1,22852
1674489600,22852.1,23185.2,22658,22794.8
1674504000,22794.7,23043.4,22760.8,22914.8
1674518400,22914.9,23143.1,22865.6,23082.6
1674532800,23082.5,23159.8,23010.7,23053.7
1674547200,23053.6,23089.5,22773.3,22919.3
1674561600,22919.3,23031.3,22700,22928.1
1674576000,22928.2,23083.8,22787.2,23016.9
1674590400,23018.6,23079.6,22457.1,22629.6
1674604800,22629.6,22700,22332.1,22642.6
1674619200,22642.7,22768,22604.3,22713.1
1674633600,22713.1,22738.6,22468.7,22598
1674648000,22597.9,22745.1,22344.9,22579.1
1674662400,22579.2,22760.7,22518.3,22752.3
1674676800,22750.6,23818.7,22750.6,23052.6
1674691200,23060.8,23284,23046.9,23133.7
1674705600,23134,23192.4,22900,22967.7
1674720000,22967.8,23046.1,22847.6,22988.3
1674734400,22988.3,23240.8,22860.4,22958.1
1674748800,22957.7,23106.4,22858.7,23069.8
1674763200,23070.3,23164.7,22967.9,23010
1674777600,23010.1,23072.8,22526.3,22771.8
1674792000,22771.9,23104.5,22764.2,23072.7
1674806400,23072.8,23080,22906.6,22966
1674820800,22966,23142.4,22841,22934.4
1674835200,22933.3,23283.8,22925.7,23252.8
1674849600,23252.9,23500,22955.9,23074.8
1674864000,23074.8,23185,23045.2,23120.2
1674878400,23120.2,23132.7,22954.6,22991.9
1674892800,22992,23017.1,22896.1,22981.3
1674907200,22981.4,23041.2,22879.4,23013.3
1674921600,23013.8,23050,22976.5,23038.9
1674936000,23038.9,23044.2,22943.1,23025.1
1674950400,23025.1,23495,22970.7,23192.4
1674964800,23193.8,23265.5,23150.3,23202.9
1674979200,23202.9,23619.7,23158.2,23429.5
1674993600,23430.8,23652.4,23353.3,23527
1675008000,23526.9,23963,23475.1,23898.5
1675022400,23898.5,23911.5,23605,23740
1675036800,23743.7,23798.1,23569.5,23698.1
1675051200,23698.2,23761.9,23601.4,23647.4
1675065600,23643.9,23672.1,23016.8,23079.3
1675080000,23077.2,23297,22959.7,23176.2
1675094400,23176.2,23244.7,22614.2,22780
1675108800,22780,22835.6,22483,22825.1
1675123200,22825,22912.4,22718.7,22832.9
1675137600,22833,22987.8,22745.1,22977.9
1675152000,22977.8,22993.2,22812.5,22865.8
1675166400,22866.9,23209.9,22853.8,23122.3
1675180800,23123.5,23223,23085.3,23169
1675195200,23167.2,23347.7,22819,23127.6
1675209600,23130,23184.5,22991.1,23127.5
1675224000,23127.5,23167.4,23022.9,23077.8
1675238400,23077.7,23097.3,22918.9,23074.9
1675252800,23075,23141.1,22943,22984.1
1675267200,22984,23494.1,22756,23381
1675281600,23381.1,23850,23323.4,23728.7
1675296000,23729,24252.7,23694.5,23857.1
1675310400,23857.2,23919,23664.4,23781.2
1675324800,23781.2,23853,23750.1,23822.6
1675339200,23822.6,23941.3,23525,23838.2
1675353600,23843.9,24148.1,23729.2,23807.1
1675368000,23807.2,23925,23362.5,23487.8
1675382400,23490.2,23587.4,23414.2,23535
1675396800,23535.1,23563.3,23438.1,23453
1675411200,23452.9,23537.4,23325.7,23533.4
1675425600,23533.4,23708.3,23221,23601
1675440000,23603.6,23722.5,23303.2,23310.1
1675454400,23310,23469.1,23211,23431.2
1675468800,23431.3,23460,23333.4,23340
1675483200,23340,23357.5,23255.4,23330.4
1675497600,23327.7,23372,23292.4,23363.4
1675512000,23363.4,23583.6,23342.8,23420.4
1675526400,23420.4,23469.1,23362.5,23427.2
1675540800,23427.3,23446,23263,23324.7
1675555200,23324.8,23370.2,23229.3,23344.2
1675569600,23344.2,23432.1,23329.8,23380.8
1675584000,23380.8,23415.9,23346.2,23357.8
1675598400,23357.8,23373.7,23008,23099.2
1675612800,23099.1,23159.6,22754.6,22891.6
1675627200,22891.7,23032.1,22800.4,22933.1
1675641600,22933.3,23093,22831.4,22895.5
1675656000,22895.5,22925,22617.6,22878.2
1675670400,22878.2,22934.3,22736,22877.4
1675684800,22879.4,23053,22745.2,23042.1
1675699200,23044,23158.5,22927.8,23031
1675713600,23028.4,23029.8,22638,22761.7
1675728000,22761.7,22897.9,22747.1,22878
1675742400,22878.6,22984.8,22865.1,22913.1
1675756800,22911.3,23059.7,22868.2,22977.9
1675771200,22977.9,23037.7,22880.9,22909.1
1675785600,22909.1,23349.9,22768.2,23095.8
1675800000,23093.3,23300,23029.2,23246.1
1675814400,23246.1,23457.1,23231,23261
1675828800,23257.3,23285.3,23187,23234.2
1675843200,23234.3,23237.6,23136.3,23159.9
1675857600,23159.9,23199.1,22860,22869.9
1675872000,22866.3,23049.9,22673.8,22874.7
1675886400,22874.7,22977.5,22781.6,22960
1675900800,22960,23009.9,22428,22516.6
1675915200,22516.6,22731.9,22358,22677.9
1675929600,22677.8,22769.6,22657.8,22686.7
1675944000,22686.6,22840.9,22561.9,22614.7
1675958400,22613.8,22621.4,21877,22032.1
1675972800,22032,22083.8,21678,21795
1675987200,21795,21933.3,21758.4,21821
1676001600,21821.1,21925,21625,21913
1676016000,21912.2,21927.7,21715.8,21731.7
1676030400,21731.7,21899.7,21518,21655.7
1676044800,21651.9,21793.9,21561.6,21772.9
1676059200,21773.3,21790.4,21440,21628.3
1676073600,21628.4,21721.5,21600.1,21680.1
1676088000,21680.1,21709,21646.3,21691.5
1676102400,21691.5,21701,21656.6,21695.8
1676116800,21695.9,21769.8,21665.1,21733.8
1676131200,21733.9,21735.9,21620.4,21658.2
1676145600,21658.2,21898.5,21646.4,21856.2
1676160000,21856.2,21881,21766.9,21777.4
1676174400,21778.5,21811.3,21760,21798.1
1676188800,21798.1,21950,21798.1,21891.5
1676203200,21891.5,22000,21764,21943.1
1676217600,21943.1,22083.5,21914.2,21992.5
1676232000,21992.6,22023.6,21628.5,21784.5
1676246400,21784.7,21867.7,21628.3,21809.9
1676260800,21809.9,21895.2,21799,21870.9
1676275200,21871,21876.2,21421.9,21605.1
1676289600,21607.9,21708.3,21561,21566.4
1676304000,21567.3,21675.8,21356.5,21608.3
1676318400,21608.4,21847.7,21566.3,21776.8
1676332800,21776.9,21814.5,21681.7,21698
1676347200,21697.9,21784.6,21688,21765.4
1676361600,21765.5,21871.2,21673.7,21805.5
1676376000,21805.4,22319.8,21540,22039.6
1676390400,22041.7,22242.5,21919.3,22208
1676404800,22211.1,22278.3,22125.1,22197.9
1676419200,22197.6,22197.6,22048,22099
1676433600,22101,22171.8,22075,22107.8
1676448000,22107.8,22487.8,22089.1,22441.9
1676462400,22439.4,22908.1,22439.4,22811.3
1676476800,22807.7,23360,22746.1,23319.1
1676491200,23324.4,24381.4,23299.1,24328.8
1676505600,24329.2,24911.9,24285.1,24733.2
1676520000,24733.3,24756.1,24443.7,24618.7
1676534400,24618.6,24662.4,24509.7,24572.1
1676548800,24572.1,25080,24286.8,25070.9
1676563200,25071.4,25249.9,24610,24876.4
1676577600,24871.1,24877.7,23502.4,23512.2
1676592000,23509.8,23912.8,23337.1,23835.1
1676606400,23835.1,23881.6,23612.3,23634.1
1676620800,23632.8,23861.4,23528.1,23790.5
1676635200,23790.2,24281,23708.7,24130.2
1676649600,24126.2,24556.8,23911.7,24525.9
1676664000,24525.9,25025,24055,24571.8
1676678400,24570.7,24784.1,24508.8,24608.5
1676692800,24608.6,24673.6,24427.6,24518.8
1676707200,24519,24604.2,24438.1,24521.2
1676721600,24521.2,24729.9,24486.2,24666
1676736000,24666,24875,24568.2,24605.3
1676750400,24607.1,24664.4,24503.6,24633.7
1676764800,24633.7,24765.6,24624.1,24678.6
1676779200,24678.6,24846.1,24564.7,24579.6
1676793600,24579.7,24708.8,24559.4,24671.1
1676808000,24671.2,25046,24658,24922.9
1676822400,24923.4,25187,24279.8,24514.3
1676836800,24519.3,24575.8,24182.1,24276
1676851200,24276.1,24467.1,23836.5,24416
1676865600,24416.1,24553.5,24402.1,24502.2
1676880000,24502.3,24985.7,24377.2,24884.7
1676894400,24887,25129.2,24725.2,24944.5
1676908800,24944.6,24953.7,24620.7,24874.8
1676923200,24877.9,24889.5,24650.7,24843.1
1676937600,24843,25100,24783.5,24925.9
1676952000,24926,25049.3,24852.6,25000.1
1676966400,25004.1,25320,24547,24569.9
1676980800,24567.9,24781.6,24390.5,24557.6
1676995200,24557.6,24750.6,24279.8,24605.3
1677009600,24605.4,24636,24150.2,24450
1677024000,24450,24471,23866,24200.8
1677038400,24200.9,24220.1,23931,24061.4
1677052800,24060.2,24206.4,23866,24162.1
1677067200,24162.1,24230.8,23636.1,23716.8
1677081600,23714,23968.8,23579.5,23791.9
1677096000,23794.6,24213.2,23738.4,24190
1677110400,24190,24602.9,24121.9,24455.6
1677124800,24455.7,24530.7,24314.2,24379.2
1677139200,24379,24493.2,23650.8,23780.1
1677153600,23780.1,24226.7,23605.3,23950.2
1677168000,23950.1,24050,23725,23970.6
1677182400,23972.8,24066,23757.8,23938.8
1677196800,23938.9,24131,23889.8,23954.4
1677211200,23954.5,23980,23773.4,23832.4
1677225600,23832.4,23970.8,23757.3,23886.9
1677240000,23887,24025.2,23333.9,23349
1677254400,23350.1,23353.8,22836.1,23178.5
1677268800,23181.8,23330.2,22979.5,23190.1
1677283200,23190.2,23217.8,23050,23074.2
1677297600,23077.7,23124,23023.5,23121.8
1677312000,23121.8,23152.4,22914.5,22983.8
1677326400,22983.8,23081.2,22863.7,23000.5
1677340800,23002.8,23083.1,22917,22990.2
1677355200,22986.3,23185.1,22729.4,23157.2
1677369600,23157.3,23249.6,23060.7,23214.9
1677384000,23215,23223.5,23094,23153.5
1677398400,23153.5,23288.9,23116.2,23252.9
1677412800,23253,23332.9,23130,23247.9
1677427200,23248,23542.7,23132.3,23501.3
1677441600,23503.6,23686.7,23329.9,23557.4
1677456000,23552.7,23638.7,23436,23551.3
1677470400,23550.7,23556.3,23350.3,23421.7
1677484800,23419.6,23448.8,23339.7,23429.8
1677499200,23429.9,23891.2,23380.5,23555.9
1677513600,23556,23614.6,23162.2,23280.1
1677528000,23280,23576,23101,23491.2
1677542400,23491.2,23548.9,23354,23463.2
1677556800,23464.4,23468.1,23216.8,23235.6
1677571200,23236.4,23417.8,23208,23396.4
1677585600,23396.4,23575,23321.6,23521
1677600000,23521.1,23600,23202.3,23259.4
1677614400,23261.8,23349.3,23025.5,23136
1677628800,23143.1,23500,23009.7,23444.1
1677643200,23444,23846,23427.7,23718
1677657600,23717.9,24009,23667.6,23739.9
1677672000,23739.8,23882.6,23570.3,23712.4
1677686400,23712.3,23751.2,23331.7,23357.5
1677700800,23354.3,23672,23300.3,23632.4
1677715200,23632,23792.7,23431.3,23497.9
1677729600,23498.8,23544.5,23341.8,23391.1
1677744000,23391.9,23465.5,23342,23418.1
1677758400,23418.1,23434.2,23181.5,23361.1
1677772800,23361,23500,23233.9,23469.4
1677787200,23464.6,23566.7,23392.2,23466
1677801600,23465.9,23472.9,21898,22319
1677816000,22319.1,22407,22252.1,22361.6
1677830400,22361.6,22474.5,22305,22343.8
1677844800,22343.9,22503.7,22156.3,22336.4
1677859200,22336.5,22446.1,22230.2,22358.6
1677873600,22357.9,22377.3,22150,22354.5
1677888000,22354.4,22391,22325.3,22350.6
1677902400,22350.6,22403.8,22271.6,22356.4
1677916800,22356.5,22370,22328.5,22349.3
1677931200,22349.4,22396.2,22310,22315.5
1677945600,22315.6,22346,22229.1,22245.4
1677960000,22245.5,22364.7,22164.5,22349.7
1677974400,22349.6,22666.4,22185.5,22386.5
1677988800,22386.7,22469.4,22368.4,22376.7
1678003200,22374.9,22445.7,22318,22391.8
1678017600,22390.1,22490,22390,22438.8
1678032000,22438.9,22456.2,22378.8,22404
1678046400,22403.1,22566.9,22329.4,22427.6
1678060800,22427.6,22509.1,22261.3,22387.5
1678075200,22387.6,22435.1,22315,22388.7
1678089600,22388.7,22448.2,22358,22381.3
1678104000,22381.3,22598,22360.1,22560
1678118400,22560,22584.9,22357.2,22395.5
1678132800,22393.2,22449.3,22317,22409.2
1678147200,22409.2,22553.3,22379.4,22456.8
1678161600,22456.9,22473.9,22412.5,22418.8
1678176000,22418.8,22426.5,22330,22347.6
1678190400,22348.7,22488.1,21934.6,22320.2
1678204800,22320.2,22390,22057.9,22128.2
1678219200,22126.9,22231.3,21950,22201.5
1678233600,22201.5,22287,22087.2,22152.8
1678248000,22151.3,22166.5,21847.9,21971.4
1678262400,21971.2,22139,21948,22070
1678276800,22070,22228.9,21872,22144.1
1678291200,22144.1,22219.6,21940.5,22002.6
1678305600,22001.2,22132.1,21570.6,21706.7
1678320000,21706.8,21806.6,21634.7,21769.2
1678334400,21770,21771.2,21668.1,21687.1
1678348800,21687.1,21700,21535.1,21670.1
1678363200,21670.1,21830,21557.7,21646.1
1678377600,21645.1,21672.4,20763.1,20857.1
1678392000,20857,20868,20037,20367.2
1678406400,20364.8,20368.3,19770.6,20050.8
1678420800,20050.8,20061,19775.3,19950.2
1678435200,19950.3,19972.5,19529.7,19760.3
1678449600,19760.3,20299,19662.9,20007.1
1678464000,20005.5,20304.2,19826.8,20021.6
1678478400,20024.1,20241.2,19850.3,20152.6
1678492800,20152.6,20688.9,20143.1,20391.6
1678507200,20391.7,20434.8,19824,19856.1
1678521600,19855.1,20222,19769.1,20085.9
1678536000,20085.9,20207.6,20032.2,20066.1
1678550400,20066,20331.8,19985,20220.5
1678564800,20220.5,20533.7,20220.5,20454.7
1678579200,20454.7,20497.1,20305,20373.6
1678593600,20373.6,20435.7,20263.2,20342.3
1678608000,20342.3,20485,20332.4,20439.7
1678622400,20439.7,20458.7,20283.3,20356.1
1678636800,20356.1,21331.8,20340.2,20770.4
1678651200,20775.8,22160,20756.4,21995.2
1678665600,21995.3,22652.1,21868.8,22238.4
1678680000,22239.2,22500,22230.2,22468
1678694400,22467.9,22538.3,21820.7,22108.1
1678708800,22107.4,24509.3,21965.1,24007
1678723200,24013.3,24420,23776.1,24305.8
1678737600,24305.8,24332,23902.5,24116
1678752000,24116.1,24493.6,23989.8,24368.9
1678766400,24371.5,24855.7,24148.7,24253.2
1678780800,24253.2,24844.8,24125,24753.4
1678795200,24751.5,26424.2,24496.3,25899.7
1678809600,25899.7,26005.9,24207,25049.4
1678824000,25056.4,25204.7,23957.5,24676
1678838400,24675.2,25086.1,24307.6,24716.7
1678852800,24716.7,24925.7,24601.2,24880.8
1678867200,24878.9,24925.6,24268,24766.2
1678881600,24767.8,25227.1,24369.8,24467.4
1678896000,24467.5,24515,23873,24367.3
1678910400,24370.4,24636.5,24223.3,24279.9
1678924800,24279.9,24435,24125.2,24266.1
1678939200,24263.6,24679.8,24182.6,24615.1
1678953600,24615,25062,24373.4,24827.7
1678968000,24827.1,25037.4,24512.3,24884.6
1678982400,24884.7,25179.5,24611.8,24950.9
1678996800,24951.7,25092.9,24623,25005.4
1679011200,25002.1,25897.3,24894,25778.2
1679025600,25780,26216,25654,26060.4
1679040000,26057.1,26965.7,25921.9,26915.3
1679054400,26915.2,26925.6,26118,26421.2
1679068800,26417.8,26856.6,26243.3,26837.2
1679083200,26840.1,27768.1,26584.2,27395.6
1679097600,27394.5,27713.8,27064,27303.9
1679112000,27304,27604.9,27218.4,27364.7
1679126400,27364.7,27500,27057.4,27447.3
1679140800,27447.5,27643.4,27050,27223.8
1679155200,27225.2,27489,26565.5,27328.9
1679169600,27331.9,27452,26804.6,26905
1679184000,26905,27254.6,26905,27200.6
1679198400,27200.6,27282.3,26825.6,26972.5
1679212800,26972.4,27197.2,26881.4,27160
1679227200,27160.1,27768.1,27091.9,27550.6
1679241600,27542.4,28400.3,27472.4,28249.2
1679256000,28251.9,28389,27737.1,27966.6
1679270400,27966.3,28050,27133.4,27270.7
1679284800,27270.7,28255,27142.7,28176.1
1679299200,28179.6,28490,27920,28183.2
1679313600,28183.1,28257.8,27610,27693.6
1679328000,27695.5,28039.2,27465.8,27783.4
1679342400,27783.2,28183.5,27581,27718.5
1679356800,27716.5,27942.8,27664.6,27782.5
1679371200,27782.5,27959.2,27300.1,27500.8
1679385600,27500.9,28173.3,27397.4,28040.4
1679400000,28041.5,28240.7,27718.1,28037.1
1679414400,28040.1,28448.8,27931,28120.6
1679428800,28120.6,28207,27911.2,28108.8
1679443200,28104.4,28280.9,27942.6,28155.1
1679457600,28155,28286.8,28026,28098
1679472000,28097.9,28208.5,27967.2,28123.3
1679486400,28123.3,28750,28100.3,28592.4
1679500800,28592.4,28890,26627.2,26672.9
1679515200,26671.3,27433.1,26603.6,27249.6
1679529600,27249.7,27428.2,27114.3,27358.9
1679544000,27358.2,27700,27253.3,27628.5
1679558400,27628.6,27741.1,27441.2,27581.1
1679572800,27581.1,28775.4,27278.6,28581.7
1679587200,28581.7,28643.5,27769.2,28367.9
1679601600,28367.7,28445.9,27967.3,28293.7
1679616000,28295.2,28375,28134.7,28220.6
1679630400,28220.6,28339.2,28100.9,28274.1
1679644800,28274.1,28298,27300,27576.3
1679659200,27579.5,28272.6,27550,28015.4
1679673600,28015.4,28053.9,27514,27819.5
1679688000,27819.7,27858.7,26976.8,27452.4
1679702400,27452.4,27660,27421.5,27575.9
1679716800,27577.3,27607.4,27378.3,27485.9
1679731200,27485.9,27538.9,27315.8,27457.3
1679745600,27457.4,27792.8,27355,27648.3
1679760000,27648.2,27728.9,27155.3,27186.2
1679774400,27184.9,27525.6,27152.8,27462.4
1679788800,27461.8,27648,27413.3,27532.9
1679803200,27532.9,27575,27460.7,27504
1679817600,27504,27950,27485.8,27865.5
1679832000,27865.5,28221.4,27697.6,27803.4
1679846400,27803.3,27933.9,27625.6,27827.2
1679860800,27827.2,28144.6,27683.2,27969.9
1679875200,27969.8,28021.2,27777.7,27887.8
1679889600,27887.9,27938.7,27666.2,27807.5
1679904000,27808.4,27989.9,27771.8,27889
1679918400,27889,27924.4,26503,26899.1
1679932800,26901.1,27310.9,26860.3,26968.8
1679947200,26969.7,27248.7,26882.9,27127
1679961600,27127.1,27175.3,26815,26970.9
1679976000,26970.4,27145.3,26876.4,26961.9
1679990400,26961.8,27145,26625.8,27051.4
1680004800,27051.5,27199.7,26836.3,26997.5
1680019200,26998,27508,26745.5,27418.7
1680033600,27423,27485.7,27081,27265.6
1680048000,27261.6,27475.1,27243.3,27368.2
1680062400,27368.3,28182.2,27347.6,28086.9
1680076800,28087,28644.5,28040.1,28356.5
1680091200,28356.5,28590,28237.8,28444
1680105600,28444,28453.3,28137.5,28419.5
1680120000,28420,28522.8,28208.7,28349.3
1680134400,28349.4,29183.7,28062.9,28486.5
1680148800,28485.1,28777.5,28442.9,28721.7
1680163200,28722.3,28753.3,28497,28650
1680177600,28646,28691.3,28171.3,28301.4
1680192000,28300.7,28300.7,27680.1,27980.4
1680206400,27988.5,28196.8,27794,28027.2
1680220800,28027.2,28377.6,27920,28171.1
1680235200,28170.1,28217.5,27503,27740.9
1680249600,27741.4,27992,27685.8,27931
1680264000,27931,28674.4,27871.4,28492.2
1680278400,28492.3,28540.6,28260.1,28469.7
1680292800,28466.1,28633,28338.2,28466.3
1680307200,28466.4,28831.6,28409.4,28540.2
1680321600,28539,28623.2,28352.6,28430.5
1680336000,28430.5,28482.5,28362.5,28374.8
1680350400,28374.8,28444.2,28216.4,28402
1680364800,28402.1,28435.9,28284.6,28384.4
1680379200,28384.5,28579.6,28380.9,28457
1680393600,28457.1,28526,28353.3,28474.5
1680408000,28474.8,28489.7,28380.3,28413.8
1680422400,28413.7,28449.9,28306.3,28354.1
1680436800,28354.1,28361,28025,28124.7
1680451200,28124.7,28232.9,27850,27938.3
1680465600,27938.3,28200,27860.2,28168.6
1680480000,28170,28182.6,27560,27749.5
1680494400,27750.4,27963.2,27583.3,27961.1
1680508800,27961.6,28566.5,27960.8,28251.5
1680523200,28251.5,28376.6,27946.4,28045.6
1680537600,28048.3,28237.9,27881.2,28077.6
1680552000,28080.3,28094.2,27202.9,27801
1680566400,27800.1,27967.5,27666.6,27853.5
1680580800,27854.5,28150,27772.5,28027.4
1680595200,28027.5,28445,27933.5,28285.9
1680609600,28285.9,28395.2,27954.5,28028.1
1680624000,28027.5,28256.1,27970.9,28190.4
1680638400,28190.3,28306,28080,28168.8
1680652800,28168.9,28795,28101,28546.7
1680667200,28546.8,28625,28459.9,28529.9
1680681600,28529.9,28601.5,28451,28556.8
1680696000,28556.9,28757.9,27860,28034.6
1680710400,28034.6,28314.2,27808,28238
1680724800,28237.9,28300,28128.8,28169.5
1680739200,28167.9,28180.7,27881.4,28131.7
1680753600,28131.7,28133.3,27907.1,27907.1
1680768000,27908.6,28023.9,27697.5,27949.8
1680782400,27949.8,28183.3,27748.3,28097.5
1680796800,28099.9,28165.1,27952.6,28018.1
1680811200,28016.1,28124.4,27897.2,28034.8
1680825600,28034.7,28103.7,27931,28039
1680840000,28039.1,28068.4,27770.5,27836.1
1680854400,27836.4,27966.8,27792.9,27840
1680868800,27840,28000,27796.4,27945.9
1680883200,27944.5,27954.4,27859,27902.8
1680897600,27903,27981,27839.3,27906.6
1680912000,27906.6,28064.8,27862.5,28021.4
1680926400,28021.5,28155.7,27976.8,28085.4
1680940800,28085.4,28116.5,27991.6,28011.9
1680955200,28012,28054.3,27948.1,28013.9
1680969600,28014,28024,27869.1,27920.7
1680984000,27920.7,27984.5,27883.7,27940
1680998400,27940.1,28088.1,27924.6,28028.6
1681012800,28028.6,28074.1,27837.3,27904.5
1681027200,27904.5,27945.6,27790,27934.8
1681041600,27932.2,27973.4,27800,27888.3
1681056000,27888.4,28292.2,27874.3,28141.4
1681070400,28141.5,28529.9,28084.7,28318.9
1681084800,28318.9,28426.6,28247.7,28276.5
1681099200,28276.6,28314.4,28200,28286.8
1681113600,28286.9,28375.6,28277.2,28304.6
1681128000,28304.7,28575.1,28166.6,28439.6
1681142400,28439.7,29331.8,28376.2,29170.4
1681156800,29170.7,29843.3,29069.7,29635.9
1681171200,29635.9,30444,29590,30110.9
1681185600,30110.9,30171.2,29790.1,30100.1
1681200000,30100.2,30145.7,29981,30055.8
1681214400,30055.8,30278.4,29971.4,30195.3
1681228800,30194.7,30568.9,30030.5,30127.4
1681243200,30127.4,30271.6,29908,30199.1
1681257600,30199.1,30351.4,29826,29919.5
1681272000,29919.6,30067.1,29852.2,29985.6
1681286400,29985.6,30046.1,29893.7,30013.4
1681300800,30013.4,30484.3,29637.1,29961.8
1681315200,29963,30090.3,29755,29796.5
1681329600,29797.6,29980.1,29764.8,29887.4
1681344000,29891.6,30211.9,29857.2,30072.5
1681358400,30072.6,30133,29994.4,30070.3
1681372800,30070.3,30390,30040.8,30163
1681387200,30162.9,30595.3,30140.2,30436.7
1681401600,30436.2,30546.4,30263.5,30337.6
1681416000,30335.9,30397.2,30200.1,30380.6
1681430400,30380.6,30939.4,30313,30700.5
1681444800,30700.5,31043.4,30662.3,30736.6
1681459200,30735.1,30827.4,30653.4,30804.5
1681473600,30805.6,30856.7,30088.5,30240
1681488000,30238.1,30351.4,29970,30328
1681502400,30328,30520,30276.4,30467.6
1681516800,30467.7,30597.7,30279.9,30380.3
1681531200,30380.4,30469.1,30342.9,30431.9
1681545600,30432,30469,30360.8,30384.4
1681560000,30384.4,30450,30288.9,30327.8
1681574400,30327.9,30345.6,30205.4,30333.7
1681588800,30333.6,30360,30239.1,30294.1
1681603200,30293,30331.1,30118.8,30248.7
1681617600,30248.8,30392.1,30245.2,30347.3
1681632000,30347.3,30356,30214.5,30225.4
1681646400,30223.9,30361.9,30157.1,30330.5
1681660800,30331.3,30556.8,30260,30310.5
1681675200,30310.4,30409.8,30182.9,30308.5
1681689600,30301.6,30315.8,29733.6,29979.6
1681704000,29979.6,30007.7,29838.4,29843.9
1681718400,29843.9,29924.4,29255.2,29571.6
1681732800,29567,29595,29233.2,29355.9
1681747200,29354.8,29577.4,29330,29463.7
1681761600,29463.8,29535.4,29383,29427.8
1681776000,29427.8,29507.7,29097.6,29445.4
1681790400,29445.5,29801.3,29434.3,29770.9
1681804800,29770.9,30390,29691.2,30379.9
1681819200,30380,30492.4,30105.8,30185
1681833600,30185.1,30274,29949.3,30225.3
1681848000,30225.4,30460.7,30156.6,30380.2
1681862400,30380.8,30414.2,30127.2,30214.6
1681876800,30214.6,30339.9,29987,30077.6
1681891200,30077.6,30082.6,28936,29311.5
1681905600,29311.6,29501.5,29083.8,29258.3
1681920000,29264.3,29363.9,29076.1,29228.8
1681934400,29226.5,29316,28555,28804.3
1681948800,28803.6,29002.4,28551.1,28859.1
1681963200,28859.7,29088.8,28818.1,28868.3
1681977600,28868.4,28951.8,28588,28610.2
1681992000,28611.6,28955.1,28316.4,28510.1
1682006400,28510.1,28659.2,27999.5,28104.9
1682020800,28102.7,28365.6,28009.4,28245.5
1682035200,28246,28372,28089.8,28317.6
1682049600,28317.6,28344.9,27812.9,28156.6
1682064000,28156.6,28234.5,27917.7,28065.9
1682078400,28066,28304.4,27968.4,28041.3
1682092800,28041.3,28092,27188.3,27274.2
1682107200,27274.1,27407,27122.9,27260.4
1682121600,27260.7,27363.6,27142.8,27316.7
1682136000,27316.8,27394.5,27225.2,27276.6
1682150400,27277.8,27322,27184.3,27287.2
1682164800,27287.3,27560,27229.9,27486
1682179200,27488.2,27780.3,27479.8,27616.7
1682193600,27616.7,27883.9,27565.1,27811.4
1682208000,27811.4,27814.2,27426.4,27563.8
1682222400,27563.9,27752.6,27536.2,27720.8
1682236800,27720.9,27769.2,27484.5,27646
1682251200,27645.9,27730.8,27300,27472.3
1682265600,27472.8,27688,27337.3,27457.9
1682280000,27464,27653.8,27404.3,27588.2
1682294400,27588.2,27999.7,27430.1,27788.6
1682308800,27788.7,27794.4,27349.1,27454.8
1682323200,27454.8,27550,27155.4,27549.9
1682337600,27550,27717.1,27215.6,27260.7
1682352000,27259.2,27578.9,26902.6,27381.2
1682366400,27384.9,27562.9,27326.5,27508.1
1682380800,27508.2,27589.5,27322.1,27350.5
1682395200,27350,27458.8,27243.2,27265.5
1682409600,27265.4,27435.7,27161.6,27389.9
1682424000,27391.8,27469.8,27210,27339.3
1682438400,27339.3,27784.3,27313.1,27611.5
1682452800,27612.7,28387.9,27612.7,28296.5
1682467200,28298.6,28475.8,28252.7,28310.5
1682481600,28310.4,28588.1,28300.4,28375.7
1682496000,28375.6,29153.9,28367.6,28952.6
1682510400,28955.1,30040.1,28955.1,29818.6
1682524800,29817.3,29899.7,27685.3,27886.3
1682539200,27884.1,28744.7,27219.6,28412.8
1682553600,28412.9,29477,28379,28885
1682568000,28887.4,29277.1,28631.8,28888.1
1682582400,28888.1,29149.6,28780.2,28934
1682596800,28934.1,29581.3,28666,29148.1
1682611200,29148.1,29898.6,29015.1,29674.9
1682625600,29670.5,29779.1,29255,29473.3
1682640000,29474.5,29593.4,29331,29424.9
1682654400,29424.9,29568.4,29400.7,29487.5
1682668800,29486.9,29495.9,29130.3,29240.2
1682683200,29240.2,29470.4,28889.2,29148.3
1682697600,29148.2,29446.2,29105.8,29334
1682712000,29333.1,29433.4,29267.9,29310.1
1682726400,29310.2,29394.4,29191.3,29341.7
1682740800,29341.8,29445,29288.6,29345
1682755200,29344.9,29359.9,29240,29330.3
1682769600,29330.3,29395.7,29223.8,29273.9
1682784000,29271.1,29320,29031.5,29240.1
1682798400,29240.2,29268.2,29141.1,29228.9
1682812800,29229,29233.9,29091,29179.9
1682827200,29180,29297.8,29171.6,29266.7
1682841600,29266.8,29349.2,29166.6,29201.1
1682856000,29201.2,29966.4,29188,29661.9
1682870400,29661.8,29867.1,29192.8,29362.9
1682884800,29362.9,29490,29154,29239.8
1682899200,29235.8,29337.3,28365.3,28562.3
1682913600,28561.9,28710.5,28247.7,28627.7
1682928000,28628.1,28665,28485.6,28527.8
1682942400,28527.8,28629.8,28071.2,28170.1
1682956800,28170.2,28404.8,27805.2,27838.1
1682971200,27842,28157.5,27662.3,28073.1
1682985600,28073.1,28142.8,27915.8,28043.2
1683000000,28043.9,28162.4,27870.3,28058.9
1683014400,28060,28134.6,27937.8,28086.3
1683028800,28086.3,28769,27907.4,28534.9
1683043200,28535.2,28886.3,28431.5,28681.6
1683057600,28693.7,28829.7,28618.8,28666
1683072000,28666.5,28685.6,28302.2,28516.6
1683086400,28515.6,28681.7,28431.7,28651.3
1683100800,28653.3,28771.7,28530.9,28545.8
1683115200,28540.4,28579.1,28107.2,28306.8
1683129600,28306.4,28800.6,28200.6,28325.8
1683144000,28315.9,29284.2,28285.7,29033.8
1683158400,29033,29189.2,28955,29096.1
1683172800,29096.1,29238.9,29038,29056.1
1683187200,29057.3,29380,28980.6,29156.7
1683201600,29156.7,29235.5,28668.9,28866.2
1683216000,28866.2,28973.3,28673.5,28888.9
1683230400,28895.8,28918.9,28750.9,28842
1683244800,28844.1,29553.3,28820.9,29197.9
1683259200,29198.7,29272.4,29041.6,29063.9
1683273600,29063.9,29193.8,29021.4,29148.5
1683288000,29155.3,29442.7,28732,29357
1683302400,29357,29690.2,29314.1,29567.4
1683316800,29563,29650,29453.6,29507.8
1683331200,29507.9,29844,29340,29360.2
1683345600,29361,29412,29326.7,29372.7